logged_at,weekend_of,movie,headline_mid_m,headline_low_m,headline_high_m,source,seat_only_m,snapshot_mid_m,amc_share_used,poly_ev_m,seat_days,coverage_ratio,data_outage,model_version,forecast_stage,baseline_mid_m,model_gross_window,market_window_compatible
2026-09-18T16:57:11Z,2026-09-18,Resident Evil,48.5,35.89,55.77,snapshot-daily-evidence,85.13,47.7,0.2753,66.64,Thursday,0.991,,,,,,
2026-09-18T20:21:12Z,2026-09-18,Resident Evil,47.54,35.18,54.67,snapshot-daily-evidence,84.16,46.76,0.2786,66.64,Thursday,0.991,,,,,,
2026-09-19T01:09:39Z,2026-09-18,Resident Evil,46.92,34.73,53.96,snapshot-daily-evidence,86.24,46.15,0.2716,56.78,Thursday,0.991,,,,,,
2026-09-19T04:54:15Z,2026-09-18,Resident Evil,49.57,36.68,57.0,snapshot-daily-evidence,86.2,48.75,0.2717,57.56,Thursday,0.991,,,,,,
2026-09-19T08:11:17Z,2026-09-18,Resident Evil,63.37,46.9,72.96,snapshot-daily-evidence,68.72,59.95,0.2281,57.56,Thursday+Friday,0.992,,,,,,
2026-09-19T15:46:49Z,2026-09-18,Resident Evil,70.24,51.98,81.35,snapshot-daily-evidence,68.36,69.09,0.2197,57.56,Thursday+Friday,0.992,,,,,,
2026-09-19T19:40:19Z,2026-09-18,Resident Evil,71.74,53.09,83.09,snapshot-daily-evidence,69.7,70.6,0.2197,57.56,Thursday+Friday,0.992,,,,,,
2026-09-20T00:20:29Z,2026-09-18,Resident Evil,68.16,50.44,78.94,snapshot-daily-evidence,72.44,65.09,0.2197,61.72,Thursday+Friday,0.992,,,,,,
2026-09-20T04:09:49Z,2026-09-18,Resident Evil,68.69,50.84,79.55,snapshot-daily-evidence,72.44,65.78,0.2197,61.72,Thursday+Friday,0.992,,,,,,
2026-09-20T08:45:58Z,2026-09-18,Resident Evil,68.66,50.81,79.38,snapshot-daily-evidence,68.78,66.01,0.2222,55.47,Thursday+Friday+Saturday,0.992,,,,,,
2026-09-20T15:16:07Z,2026-09-18,Resident Evil,67.57,50.01,77.7,snapshot-daily-evidence,67.18,64.57,0.2222,55.47,Thursday+Friday+Saturday,0.995,,,,,,
2026-09-20T18:35:54Z,2026-09-18,Resident Evil,67.57,50.01,77.7,snapshot-daily-evidence,67.18,64.57,0.2222,55.47,Thursday+Friday+Saturday,0.995,,,,,,
2026-09-20T22:44:53Z,2026-09-18,Resident Evil,67.57,50.01,77.7,snapshot-daily-evidence,67.18,64.57,0.2222,55.47,Thursday+Friday+Saturday,0.995,,,,,,
2026-09-21T02:16:34Z,2026-09-18,Resident Evil,67.57,50.01,77.7,snapshot-daily-evidence,67.18,64.57,0.2222,61.67,Thursday+Friday+Saturday,0.995,,,,,,
2026-09-21T08:59:41Z,2026-09-18,Resident Evil,63.96,47.33,73.55,seat-snapshot-regression,62.09,,0.2458,61.67,Thursday+Friday+Saturday+Sunday,0.994,,,,,,
2026-09-21T17:48:39Z,2026-09-18,Resident Evil,63.1,46.7,72.57,seat-snapshot-regression,61.23,,0.2458,61.67,Thursday+Friday+Saturday+Sunday,0.996,,,,,,
2026-09-21T19:41:05Z,2026-09-18,Resident Evil,63.1,46.7,72.57,seat-snapshot-regression,61.23,,0.2458,61.67,Thursday+Friday+Saturday+Sunday,0.996,,,,,,
2026-09-22T01:12:04Z,2026-09-18,Resident Evil,63.03,46.65,72.48,seat-snapshot-regression,61.23,,0.2458,61.67,Thursday+Friday+Saturday+Sunday,0.996,,,,,,
2026-09-22T05:36:26Z,2026-09-18,Resident Evil,63.03,46.65,72.48,seat-snapshot-regression,61.23,,0.2458,61.67,Thursday+Friday+Saturday+Sunday,0.996,,,,,,
2026-09-22T16:40:56Z,2026-09-18,Resident Evil,62.48,46.24,71.85,seat-snapshot-regression,60.83,,0.2474,61.67,Thursday+Friday+Saturday+Sunday,0.996,,,,,,
2026-09-22T20:52:07Z,2026-09-18,Resident Evil,62.48,46.24,71.85,seat-snapshot-regression,60.83,,0.2474,61.67,Thursday+Friday+Saturday+Sunday,0.996,,,,,,
2026-09-23T02:26:11Z,2026-09-18,Resident Evil,62.48,46.24,71.85,seat-snapshot-regression,60.83,,0.2474,61.67,Thursday+Friday+Saturday+Sunday,0.996,,,,,,
2026-09-23T08:42:21Z,2026-09-18,Resident Evil,62.48,46.24,71.85,seat-snapshot-regression,60.83,,0.2474,61.67,Thursday+Friday+Saturday+Sunday,0.996,,,,,,
2026-09-23T09:28:08Z,2026-09-18,Resident Evil,62.48,46.24,71.85,seat-snapshot-regression,60.83,,0.2474,61.67,Thursday+Friday+Saturday+Sunday,0.996,,,,,,
2026-09-24T17:06:07Z,2026-09-25,Forgotten Island,11.29,5.65,28.23,presale-only,0.0,11.29,,18.17,,,,seat-regression-v31-evidence-integrity,presales,11.29,Thursday-Sunday,1
2026-09-24T17:06:08Z,2026-09-25,Heart of the Beast,8.72,4.36,21.79,presale-only,0.0,8.72,,16.67,,,,seat-regression-v31-evidence-integrity,presales,8.72,Thursday-Sunday,1
2026-09-24T17:06:09Z,2026-09-25,Primetime,29.95,14.98,74.88,presale-only,0.0,29.95,,21.31,,,,seat-regression-v31-evidence-integrity,presales,29.95,Thursday-Sunday,1
2026-09-24T20:38:48Z,2026-09-25,Forgotten Island,13.54,6.77,33.85,presale-only,0.0,13.54,,18.17,,,,seat-regression-v31-evidence-integrity,presales,13.54,Thursday-Sunday,1
2026-09-24T20:38:49Z,2026-09-25,Heart of the Beast,9.16,4.58,22.91,presale-only,0.0,9.16,,16.67,,,,seat-regression-v31-evidence-integrity,presales,9.16,Thursday-Sunday,1
2026-09-24T20:38:49Z,2026-09-25,Primetime,30.54,15.27,76.34,presale-only,0.0,30.54,,21.31,,,,seat-regression-v31-evidence-integrity,presales,30.54,Thursday-Sunday,1
2026-09-25T01:36:52Z,2026-09-25,Forgotten Island,13.53,6.76,33.82,presale-only,0.0,13.53,,18.17,,,,seat-regression-v31-evidence-integrity,presales,13.53,Thursday-Sunday,1
2026-09-25T01:36:53Z,2026-09-25,Heart of the Beast,8.22,4.11,20.55,presale-only,0.0,8.22,,16.67,,,,seat-regression-v31-evidence-integrity,presales,8.22,Thursday-Sunday,1
2026-09-25T01:36:53Z,2026-09-25,Primetime,28.92,14.46,72.3,presale-only,0.0,28.92,,21.31,,,,seat-regression-v31-evidence-integrity,presales,28.92,Thursday-Sunday,1
2026-09-25T05:19:06Z,2026-09-25,Forgotten Island,14.07,7.04,35.18,presale-only,0.0,14.07,,18.17,,,,seat-regression-v31-evidence-integrity,presales,14.07,Thursday-Sunday,1
2026-09-25T05:19:06Z,2026-09-25,Heart of the Beast,8.87,4.44,22.18,presale-only,0.0,8.87,,16.67,,,,seat-regression-v31-evidence-integrity,presales,8.87,Thursday-Sunday,1
2026-09-25T05:19:07Z,2026-09-25,Primetime,29.46,14.73,73.66,presale-only,0.0,29.46,,21.31,,,,seat-regression-v31-evidence-integrity,presales,29.46,Thursday-Sunday,1
2026-09-25T08:14:00Z,2026-09-25,Forgotten Island,10.51,5.82,23.77,stage-daily-evidence,8.41,10.37,0.2808,18.17,Thursday,0.953,,seat-regression-v31-evidence-integrity,after-previews,10.51,Thursday-Sunday,1
2026-09-25T08:14:01Z,2026-09-25,Heart of the Beast,7.99,4.42,18.06,stage-daily-evidence,7.06,7.92,0.2654,16.67,Thursday,0.96,,seat-regression-v31-evidence-integrity,after-previews,7.99,Thursday-Sunday,1
2026-09-25T08:14:02Z,2026-09-25,Primetime,19.06,10.55,43.1,stage-daily-evidence,24.42,18.95,0.331,21.31,Thursday,0.988,,seat-regression-v31-evidence-integrity,after-previews,19.06,Thursday-Sunday,1
2026-09-25T17:04:15Z,2026-09-25,Forgotten Island,10.88,6.02,24.61,stage-daily-evidence,8.41,10.74,0.2808,18.17,Thursday,0.953,,seat-regression-v31-evidence-integrity,after-previews,10.88,Thursday-Sunday,1
2026-09-25T17:04:15Z,2026-09-25,Heart of the Beast,8.51,4.71,19.24,stage-daily-evidence,7.24,8.44,0.2581,16.67,Thursday,0.96,,seat-regression-v31-evidence-integrity,after-previews,8.51,Thursday-Sunday,1
2026-09-25T17:04:16Z,2026-09-25,Primetime,19.34,10.71,43.74,stage-daily-evidence,24.42,19.23,0.331,21.31,Thursday,0.988,,seat-regression-v31-evidence-integrity,after-previews,19.34,Thursday-Sunday,1
2026-09-25T20:16:28Z,2026-09-25,Forgotten Island,10.88,6.02,24.61,stage-daily-evidence,8.41,10.74,0.2808,18.17,Thursday,0.953,,seat-regression-v31-evidence-integrity,after-previews,10.88,Thursday-Sunday,1
2026-09-25T20:16:29Z,2026-09-25,Heart of the Beast,8.54,4.73,19.32,stage-daily-evidence,7.27,8.47,0.2568,16.67,Thursday,0.96,,seat-regression-v31-evidence-integrity,after-previews,8.54,Thursday-Sunday,1
2026-09-25T20:16:30Z,2026-09-25,Primetime,19.34,10.71,43.74,stage-daily-evidence,24.42,19.23,0.331,21.31,Thursday,0.988,,seat-regression-v31-evidence-integrity,after-previews,19.34,Thursday-Sunday,1
2026-09-26T01:11:28Z,2026-09-25,Forgotten Island,10.89,6.03,24.63,stage-daily-evidence,8.41,10.75,0.2808,18.17,Thursday,0.953,,seat-regression-v31-evidence-integrity,after-previews,10.89,Thursday-Sunday,1
2026-09-26T01:11:29Z,2026-09-25,Heart of the Beast,7.25,4.01,16.39,stage-daily-evidence,7.4,7.19,0.2521,16.67,Thursday,0.96,,seat-regression-v31-evidence-integrity,after-previews,7.25,Thursday-Sunday,1
2026-09-26T01:11:30Z,2026-09-25,Primetime,19.35,10.71,43.76,stage-daily-evidence,24.45,19.26,0.331,21.31,Thursday,0.988,,seat-regression-v31-evidence-integrity,after-previews,19.35,Thursday-Sunday,1
2026-09-26T05:04:09Z,2026-09-25,Forgotten Island,10.89,6.03,24.63,stage-daily-evidence,8.41,10.75,0.2808,18.17,Thursday,0.953,,seat-regression-v31-evidence-integrity,after-previews,10.89,Thursday-Sunday,1
2026-09-26T05:04:10Z,2026-09-25,Heart of the Beast,7.36,4.07,16.64,stage-daily-evidence,7.51,7.3,0.248,16.67,Thursday,0.96,,seat-regression-v31-evidence-integrity,after-previews,7.36,Thursday-Sunday,1
2026-09-26T05:04:11Z,2026-09-25,Primetime,19.35,10.71,43.76,stage-daily-evidence,24.45,19.26,0.331,21.31,Thursday,0.988,,seat-regression-v31-evidence-integrity,after-previews,19.35,Thursday-Sunday,1
2026-09-26T08:02:40Z,2026-09-25,Forgotten Island,11.8,6.43,26.68,stage-daily-evidence,10.01,11.65,0.2125,18.17,Thursday+Friday,0.961,,seat-regression-v31-evidence-integrity,after-friday,11.61,Thursday-Sunday,1
2026-09-26T08:02:41Z,2026-09-25,Heart of the Beast,7.84,4.34,17.72,stage-daily-evidence,7.42,7.77,0.3141,16.67,Thursday+Friday,0.959,,seat-regression-v31-evidence-integrity,after-friday,7.83,Thursday-Sunday,1
2026-09-26T08:02:42Z,2026-09-25,Primetime,20.59,11.4,47.49,stage-daily-evidence,21.51,20.5,0.3087,21.31,Thursday+Friday,0.989,,seat-regression-v31-evidence-integrity,after-friday,21.0,Thursday-Sunday,1
2026-09-26T16:11:07Z,2026-09-25,Forgotten Island,11.8,6.43,26.68,stage-daily-evidence,10.01,11.65,0.2125,18.17,Thursday+Friday,0.961,,seat-regression-v31-evidence-integrity,after-friday,11.61,Thursday-Sunday,1
2026-09-26T16:11:07Z,2026-09-25,Heart of the Beast,7.65,4.24,17.3,seat-snapshot-regression,7.5,10.86,0.31,16.67,Thursday+Friday,0.959,,seat-regression-v31-evidence-integrity,after-friday,7.65,Thursday-Sunday,1
2026-09-26T16:11:08Z,2026-09-25,Primetime,20.59,11.4,47.49,stage-daily-evidence,21.51,20.5,0.3087,21.31,Thursday+Friday,0.989,,seat-regression-v31-evidence-integrity,after-friday,21.0,Thursday-Sunday,1
2026-09-26T19:47:16Z,2026-09-25,Forgotten Island,12.58,6.8,28.45,stage-daily-evidence,13.92,12.42,0.2125,18.17,Thursday+Friday,1.0,,seat-regression-v31-evidence-integrity,after-friday,12.29,Thursday-Sunday,1
2026-09-26T19:47:16Z,2026-09-25,Heart of the Beast,21.64,8.34,56.15,seat-snapshot-regression,22.48,15.68,0.3074,16.67,Thursday+Friday,1.0,,seat-regression-v31-evidence-integrity,after-friday,21.64,Thursday-Sunday,1
2026-09-26T19:47:17Z,2026-09-25,Primetime,20.13,11.14,45.87,stage-daily-evidence,25.37,20.03,0.3087,21.31,Thursday+Friday,1.0,,seat-regression-v31-evidence-integrity,after-friday,20.28,Thursday-Sunday,1
2026-09-27T00:06:55Z,2026-09-25,Forgotten Island,12.49,6.77,28.25,stage-daily-evidence,13.92,12.33,0.2125,18.17,Thursday+Friday,1.0,,seat-regression-v31-evidence-integrity,after-friday,12.23,Thursday-Sunday,1
2026-09-27T00:06:55Z,2026-09-25,Heart of the Beast,21.64,8.34,56.15,seat-snapshot-regression,22.48,18.16,0.2531,16.67,Thursday+Friday,1.0,,seat-regression-v31-evidence-integrity,after-friday,21.64,Thursday-Sunday,1
2026-09-27T00:06:56Z,2026-09-25,Primetime,20.26,11.21,46.14,stage-daily-evidence,25.37,20.06,0.3087,21.31,Thursday+Friday,1.0,,seat-regression-v31-evidence-integrity,after-friday,20.41,Thursday-Sunday,1
2026-09-27T04:15:56Z,2026-09-25,Forgotten Island,12.5,6.77,28.26,stage-daily-evidence,13.92,12.34,0.2125,18.17,Thursday+Friday,1.0,,seat-regression-v31-evidence-integrity,after-friday,12.23,Thursday-Sunday,1
2026-09-27T04:15:56Z,2026-09-25,Heart of the Beast,21.64,8.34,56.15,seat-snapshot-regression,22.48,12.64,0.2531,16.67,Thursday+Friday,1.0,,seat-regression-v31-evidence-integrity,after-friday,21.64,Thursday-Sunday,1
2026-09-27T04:15:57Z,2026-09-25,Primetime,20.26,11.22,46.15,stage-daily-evidence,25.37,20.07,0.3087,21.31,Thursday+Friday,1.0,,seat-regression-v31-evidence-integrity,after-friday,20.41,Thursday-Sunday,1
2026-09-27T08:59:07Z,2026-09-25,Forgotten Island,15.44,7.99,34.92,stage-daily-evidence,16.13,15.24,0.2125,18.17,Thursday+Friday+Saturday,0.989,,seat-regression-v31-evidence-integrity,after-saturday,14.44,Thursday-Sunday,1
2026-09-27T08:59:07Z,2026-09-25,Heart of the Beast,19.43,10.64,43.93,stage-daily-evidence,22.47,19.27,0.2605,16.67,Thursday+Friday+Saturday,0.992,,seat-regression-v31-evidence-integrity,after-saturday,19.21,Thursday-Sunday,1
2026-09-27T08:59:08Z,2026-09-25,Primetime,20.96,11.59,47.39,stage-daily-evidence,20.7,20.76,0.2824,21.31,Thursday+Friday+Saturday,0.998,,seat-regression-v31-evidence-integrity,after-saturday,20.93,Thursday-Sunday,1
2026-09-27T15:18:24Z,2026-09-25,Forgotten Island,12.89,9.34,29.14,stage-daily-evidence,16.06,12.72,0.2125,18.17,Thursday+Friday+Saturday,1.0,,seat-regression-v31-evidence-integrity,after-saturday,12.52,Thursday-Sunday,1
2026-09-27T15:18:24Z,2026-09-25,Heart of the Beast,19.43,10.64,43.93,stage-daily-evidence,22.47,19.27,0.2605,16.67,Thursday+Friday+Saturday,0.992,,seat-regression-v31-evidence-integrity,after-saturday,19.21,Thursday-Sunday,1
2026-09-27T15:18:25Z,2026-09-25,Primetime,20.03,14.61,45.76,stage-daily-evidence,24.23,19.84,0.2824,21.31,Thursday+Friday+Saturday,1.0,,seat-regression-v31-evidence-integrity,after-saturday,20.24,Thursday-Sunday,1
2026-09-27T18:38:19Z,2026-09-25,Forgotten Island,12.89,9.34,29.14,stage-daily-evidence,16.06,12.72,0.2125,18.17,Thursday+Friday+Saturday,1.0,,seat-regression-v31-evidence-integrity,after-saturday,12.52,Thursday-Sunday,1
2026-09-27T18:38:20Z,2026-09-25,Heart of the Beast,18.21,14.75,41.38,stage-daily-evidence,24.33,18.06,0.2605,16.67,Thursday+Friday+Saturday,1.0,,seat-regression-v31-evidence-integrity,after-saturday,18.3,Thursday-Sunday,1
2026-09-27T18:38:21Z,2026-09-25,Primetime,20.03,14.61,45.76,stage-daily-evidence,24.23,19.84,0.2824,21.31,Thursday+Friday+Saturday,1.0,,seat-regression-v31-evidence-integrity,after-saturday,20.24,Thursday-Sunday,1
2026-09-27T22:43:47Z,2026-09-25,Forgotten Island,13.53,9.34,30.58,stage-daily-evidence,16.06,13.35,0.2125,18.17,Thursday+Friday+Saturday,1.0,,seat-regression-v31-evidence-integrity,after-saturday,13.0,Thursday-Sunday,1
2026-09-27T22:43:48Z,2026-09-25,Heart of the Beast,19.05,14.75,43.08,stage-daily-evidence,24.33,18.9,0.2605,16.67,Thursday+Friday+Saturday,1.0,,seat-regression-v31-evidence-integrity,after-saturday,18.93,Thursday-Sunday,1
2026-09-27T22:43:49Z,2026-09-25,Primetime,20.35,14.61,46.29,stage-daily-evidence,24.23,20.15,0.2824,21.31,Thursday+Friday+Saturday,1.0,,seat-regression-v31-evidence-integrity,after-saturday,20.47,Thursday-Sunday,1
2026-09-28T09:03:47Z,2026-09-25,Forgotten Island,14.26,9.34,32.25,seat-snapshot-regression,14.99,,0.2125,18.17,Thursday+Friday+Saturday+Sunday,0.997,,seat-regression-v31-evidence-integrity,complete,14.26,Thursday-Sunday,1
2026-09-28T09:03:48Z,2026-09-25,Heart of the Beast,20.53,14.75,46.41,seat-snapshot-regression,20.97,,0.3005,16.67,Thursday+Friday+Saturday+Sunday,0.998,,seat-regression-v31-evidence-integrity,complete,20.53,Thursday-Sunday,1
2026-09-28T09:03:49Z,2026-09-25,Primetime,20.3,14.61,45.89,seat-snapshot-regression,19.92,,0.2945,21.31,Thursday+Friday+Saturday+Sunday,1.0,,seat-regression-v31-evidence-integrity,complete,20.3,Thursday-Sunday,1
2026-09-28T14:43:43Z,2026-09-25,Forgotten Island,12.81,12.81,12.81,reported-actuals,16.48,,0.2125,18.17,Thursday+Friday+Saturday+Sunday,1.0,,seat-regression-v31-evidence-integrity,complete,15.4,Thursday-Sunday,1
2026-09-28T14:43:44Z,2026-09-25,Heart of the Beast,19.95,19.95,19.95,reported-actuals,24.65,,0.3005,16.67,Thursday+Friday+Saturday+Sunday,1.0,,seat-regression-v31-evidence-integrity,complete,23.32,Thursday-Sunday,1
2026-09-28T14:43:45Z,2026-09-25,Primetime,19.2,19.2,19.2,reported-actuals,23.9,,0.2947,21.31,Thursday+Friday+Saturday+Sunday,1.0,,seat-regression-v31-evidence-integrity,complete,23.31,Thursday-Sunday,1
2026-09-30T17:04:13Z,2026-10-02,Digger,13.64,6.82,34.09,presale-only,0.0,13.64,,,,,,seat-regression-v31-evidence-integrity,presales,13.64,Thursday-Sunday,1
2026-09-30T17:04:13Z,2026-10-02,Verity,21.93,10.96,54.82,presale-only,0.0,21.93,,,,,,seat-regression-v31-evidence-integrity,presales,21.93,Thursday-Sunday,1
2026-10-01T01:12:00Z,2026-10-02,Digger,14.62,7.31,36.54,presale-only,0.0,14.62,,,,,,seat-regression-v31-evidence-integrity,presales,14.62,Thursday-Sunday,1
2026-10-01T01:12:01Z,2026-10-02,Verity,25.9,12.95,64.75,presale-only,0.0,25.9,,,,,,seat-regression-v31-evidence-integrity,presales,25.9,Thursday-Sunday,1
2026-10-01T05:30:56Z,2026-10-02,Digger,14.95,7.48,37.38,presale-only,0.0,14.95,,,,,,seat-regression-v31-evidence-integrity,presales,14.95,Thursday-Sunday,1
2026-10-01T05:30:56Z,2026-10-02,Verity,26.31,13.16,65.78,presale-only,0.0,26.31,,,,,,seat-regression-v31-evidence-integrity,presales,26.31,Thursday-Sunday,1
2026-10-01T16:41:43Z,2026-10-02,Digger,15.52,7.76,38.81,presale-only,0.0,15.52,,,,,,seat-regression-v31-evidence-integrity,presales,15.52,Thursday-Sunday,1
2026-10-01T16:41:43Z,2026-10-02,Verity,25.45,12.73,63.63,presale-only,0.0,25.45,,,,,,seat-regression-v31-evidence-integrity,presales,25.45,Thursday-Sunday,1
2026-10-01T20:56:31Z,2026-10-02,Digger,15.55,7.77,38.86,presale-only,0.0,15.55,,,,,,seat-regression-v31-evidence-integrity,presales,15.55,Thursday-Sunday,1
2026-10-01T20:56:31Z,2026-10-02,Verity,26.88,13.44,67.21,presale-only,0.0,26.88,,,,,,seat-regression-v31-evidence-integrity,presales,26.88,Thursday-Sunday,1
2026-10-02T00:58:14Z,2026-10-02,Digger,15.42,7.71,38.55,presale-only,0.0,15.42,,,,,,seat-regression-v31-evidence-integrity,presales,15.42,Thursday-Sunday,1
2026-10-02T00:58:15Z,2026-10-02,Verity,27.78,13.89,69.46,presale-only,0.0,27.78,,,,,,seat-regression-v31-evidence-integrity,presales,27.78,Thursday-Sunday,1
2026-10-02T05:31:02Z,2026-10-02,Digger,15.21,7.61,38.03,presale-only,0.0,15.21,,,,,,seat-regression-v31-evidence-integrity,presales,15.21,Thursday-Sunday,1
2026-10-02T05:31:03Z,2026-10-02,Verity,27.86,13.93,69.66,presale-only,0.0,27.86,,,,,,seat-regression-v31-evidence-integrity,presales,27.86,Thursday-Sunday,1
2026-10-02T07:58:49Z,2026-10-02,Digger,9.65,5.34,21.83,stage-daily-evidence,11.38,9.65,0.3463,,Thursday,0.995,,seat-regression-v31-evidence-integrity,after-previews,9.65,Thursday-Sunday,1
2026-10-02T07:58:50Z,2026-10-02,Verity,36.68,20.3,82.93,stage-daily-evidence,34.71,36.68,0.183,,Thursday,0.988,,seat-regression-v31-evidence-integrity,after-previews,36.68,Thursday-Sunday,1
2026-10-02T16:36:56Z,2026-10-02,Digger,9.23,5.11,20.86,stage-daily-evidence,10.28,9.16,0.3323,,Thursday,1.0,,seat-regression-v31-evidence-integrity,after-previews,9.23,Thursday-Sunday,1
2026-10-02T16:36:57Z,2026-10-02,Verity,38.54,21.34,87.16,stage-daily-evidence,35.67,38.73,0.178,,Thursday,0.988,,seat-regression-v31-evidence-integrity,after-previews,38.54,Thursday-Sunday,1
2026-10-02T20:21:15Z,2026-10-02,Digger,9.21,5.1,20.82,stage-daily-evidence,10.28,9.14,0.3244,,Thursday,1.0,,seat-regression-v31-evidence-integrity,after-previews,9.21,Thursday-Sunday,1
2026-10-02T20:21:16Z,2026-10-02,Verity,38.74,21.45,87.6,stage-daily-evidence,38.56,38.93,0.178,,Thursday,1.0,,seat-regression-v31-evidence-integrity,after-previews,38.74,Thursday-Sunday,1
2026-10-03T01:05:07Z,2026-10-02,Digger,9.06,5.02,20.49,stage-daily-evidence,10.28,8.99,0.324,,Thursday,1.0,,seat-regression-v31-evidence-integrity,after-previews,9.06,Thursday-Sunday,1
2026-10-03T01:05:08Z,2026-10-02,Verity,38.58,21.35,87.23,stage-daily-evidence,38.56,38.76,0.178,,Thursday,1.0,,seat-regression-v31-evidence-integrity,after-previews,38.58,Thursday-Sunday,1
2026-10-03T04:41:24Z,2026-10-02,Digger,8.78,4.86,19.85,stage-daily-evidence,10.28,8.71,0.324,,Thursday,1.0,,seat-regression-v31-evidence-integrity,after-previews,8.78,Thursday-Sunday,1
2026-10-03T04:41:25Z,2026-10-02,Verity,38.07,21.07,86.08,stage-daily-evidence,38.56,38.25,0.178,,Thursday,1.0,,seat-regression-v31-evidence-integrity,after-previews,38.07,Thursday-Sunday,1
2026-10-03T08:09:23Z,2026-10-02,Digger,8.33,4.47,18.83,stage-daily-evidence,7.13,8.26,0.3377,,Thursday+Friday,0.998,,seat-regression-v31-evidence-integrity,after-friday,8.08,Thursday-Sunday,1
2026-10-03T08:09:24Z,2026-10-02,Verity,36.56,20.24,85.22,stage-daily-evidence,40.49,36.73,0.2104,,Thursday+Friday,1.0,,seat-regression-v31-evidence-integrity,after-friday,37.69,Thursday-Sunday,1
2026-10-03T15:44:26Z,2026-10-02,Digger,9.41,5.07,21.27,stage-daily-evidence,9.25,9.33,0.337,,Thursday+Friday,1.0,,seat-regression-v31-evidence-integrity,after-friday,9.15,Thursday-Sunday,1
2026-10-03T15:44:27Z,2026-10-02,Verity,34.79,19.26,79.68,stage-daily-evidence,41.1,34.96,0.2162,,Thursday+Friday,1.0,,seat-regression-v31-evidence-integrity,after-friday,35.24,Thursday-Sunday,1
2026-10-03T19:35:35Z,2026-10-02,Digger,9.43,5.08,21.32,stage-daily-evidence,9.25,9.35,0.3369,,Thursday+Friday,1.0,,seat-regression-v31-evidence-integrity,after-friday,9.17,Thursday-Sunday,1
2026-10-03T19:35:36Z,2026-10-02,Verity,34.74,19.23,79.59,stage-daily-evidence,41.1,34.91,0.2164,,Thursday+Friday,1.0,,seat-regression-v31-evidence-integrity,after-friday,35.2,Thursday-Sunday,1
2026-10-03T23:51:25Z,2026-10-02,Digger,9.31,5.03,21.06,stage-daily-evidence,9.25,9.24,0.3325,,Thursday+Friday,1.0,,seat-regression-v31-evidence-integrity,after-friday,9.08,Thursday-Sunday,1
2026-10-03T23:51:26Z,2026-10-02,Verity,34.43,19.06,79.06,stage-daily-evidence,41.1,34.6,0.2169,,Thursday+Friday,1.0,,seat-regression-v31-evidence-integrity,after-friday,34.96,Thursday-Sunday,1
2026-10-04T03:45:52Z,2026-10-02,Digger,9.35,5.05,21.15,stage-daily-evidence,9.25,9.27,0.3326,,Thursday+Friday,1.0,,seat-regression-v31-evidence-integrity,after-friday,9.12,Thursday-Sunday,1
2026-10-04T03:45:52Z,2026-10-02,Verity,34.5,19.1,79.18,stage-daily-evidence,41.1,34.67,0.217,,Thursday+Friday,1.0,,seat-regression-v31-evidence-integrity,after-friday,35.02,Thursday-Sunday,1
2026-10-04T09:02:12Z,2026-10-02,Digger,9.36,5.05,21.16,stage-daily-evidence,8.76,9.27,0.3277,,Thursday+Friday+Saturday,0.997,,seat-regression-v31-evidence-integrity,after-saturday,9.12,Thursday-Sunday,1
2026-10-04T09:02:14Z,2026-10-02,Verity,36.35,20.12,82.32,stage-daily-evidence,37.76,36.53,0.2115,,Thursday+Friday+Saturday,0.999,,seat-regression-v31-evidence-integrity,after-saturday,36.41,Thursday-Sunday,1
2026-10-04T14:44:05Z,2026-10-02,Digger,9.33,5.03,21.09,stage-daily-evidence,8.76,9.24,0.3313,,Thursday+Friday+Saturday,0.997,,seat-regression-v31-evidence-integrity,after-saturday,9.09,Thursday-Sunday,1
2026-10-04T14:44:06Z,2026-10-02,Verity,36.11,19.99,81.91,stage-daily-evidence,37.71,36.28,0.2174,,Thursday+Friday+Saturday,0.999,,seat-regression-v31-evidence-integrity,after-saturday,36.22,Thursday-Sunday,1
2026-10-04T18:39:05Z,2026-10-02,Digger,8.82,6.0,19.94,stage-daily-evidence,9.12,8.74,0.3334,,Thursday+Friday+Saturday,1.0,,seat-regression-v31-evidence-integrity,after-saturday,8.71,Thursday-Sunday,1
2026-10-04T18:39:06Z,2026-10-02,Verity,33.62,25.11,77.68,stage-daily-evidence,38.16,33.78,0.221,,Thursday+Friday+Saturday,1.0,,seat-regression-v31-evidence-integrity,after-saturday,34.35,Thursday-Sunday,1
2026-10-04T22:44:23Z,2026-10-02,Digger,8.82,6.0,19.94,stage-daily-evidence,9.12,8.74,0.334,,Thursday+Friday+Saturday,1.0,,seat-regression-v31-evidence-integrity,after-saturday,8.71,Thursday-Sunday,1
2026-10-04T22:44:24Z,2026-10-02,Verity,33.59,25.11,77.63,stage-daily-evidence,38.16,33.75,0.224,,Thursday+Friday+Saturday,1.0,,seat-regression-v31-evidence-integrity,after-saturday,34.33,Thursday-Sunday,1
2026-10-05T08:55:49Z,2026-10-02,Digger,8.4,6.0,19.0,seat-snapshot-regression,8.33,,0.3446,,Thursday+Friday+Saturday+Sunday,0.998,,seat-regression-v31-evidence-integrity,complete,8.4,Thursday-Sunday,1
2026-10-05T08:55:50Z,2026-10-02,Verity,34.78,25.11,78.63,seat-snapshot-regression,34.34,,0.2152,,Thursday+Friday+Saturday+Sunday,1.0,,seat-regression-v31-evidence-integrity,complete,34.78,Thursday-Sunday,1
2026-10-05T14:44:01Z,2026-10-02,Digger,8.0,8.0,8.0,reported-actuals,9.12,,0.3446,,Thursday+Friday+Saturday+Sunday,1.0,,seat-regression-v31-evidence-integrity,complete,9.01,Thursday-Sunday,1
2026-10-05T14:44:02Z,2026-10-02,Verity,32.62,32.62,32.62,reported-actuals,37.2,,0.2152,,Thursday+Friday+Saturday+Sunday,1.0,,seat-regression-v31-evidence-integrity,complete,36.91,Thursday-Sunday,1
2026-10-07T16:03:06Z,2026-10-09,The Social Reckoning,7.75,3.87,19.36,presale-only,0.0,7.75,,,,,,seat-regression-v31-evidence-integrity,presales,7.75,Thursday-Sunday,1
2026-10-07T23:58:45Z,2026-10-09,Other Mommy,20.42,10.21,51.04,presale-only,0.0,20.42,,,,,,seat-regression-v31-evidence-integrity,presales,20.42,Thursday-Sunday,1
2026-10-07T23:58:45Z,2026-10-09,The Social Reckoning,8.46,4.23,21.14,presale-only,0.0,8.46,,,,,,seat-regression-v31-evidence-integrity,presales,8.46,Thursday-Sunday,1
2026-10-08T04:12:10Z,2026-10-09,Other Mommy,22.2,11.1,55.5,presale-only,0.0,22.2,,,,,,seat-regression-v31-evidence-integrity,presales,22.2,Thursday-Sunday,1
2026-10-08T04:12:11Z,2026-10-09,The Social Reckoning,8.76,4.38,21.91,presale-only,0.0,8.76,,,,,,seat-regression-v31-evidence-integrity,presales,8.76,Thursday-Sunday,1
2026-10-08T16:29:30Z,2026-10-09,Other Mommy,19.35,9.67,48.37,presale-only,0.0,19.35,,,,,,seat-regression-v31-evidence-integrity,presales,19.35,Thursday-Sunday,1
2026-10-08T16:29:31Z,2026-10-09,The Social Reckoning,9.3,4.65,23.24,presale-only,0.0,9.3,,,,,,seat-regression-v31-evidence-integrity,presales,9.3,Thursday-Sunday,1
2026-10-08T20:32:26Z,2026-10-09,Other Mommy,20.17,10.08,50.41,presale-only,0.0,20.17,,,,,,seat-regression-v31-evidence-integrity,presales,20.17,Thursday-Sunday,1
2026-10-08T20:32:26Z,2026-10-09,The Social Reckoning,9.49,4.74,23.72,presale-only,0.0,9.49,,,,,,seat-regression-v31-evidence-integrity,presales,9.49,Thursday-Sunday,1
2026-10-09T00:45:35Z,2026-10-09,Other Mommy,19.25,9.62,48.12,presale-only,0.0,19.25,,,,,,seat-regression-v31-evidence-integrity,presales,19.25,Thursday-Sunday,1
2026-10-09T00:45:35Z,2026-10-09,The Social Reckoning,8.82,4.41,22.04,presale-only,0.0,8.82,,,,,,seat-regression-v31-evidence-integrity,presales,8.82,Thursday-Sunday,1
2026-10-09T04:18:23Z,2026-10-09,Other Mommy,21.04,10.52,52.61,presale-only,0.0,21.04,,,,,,seat-regression-v31-evidence-integrity,presales,21.04,Thursday-Sunday,1
2026-10-09T04:18:24Z,2026-10-09,The Social Reckoning,9.6,4.8,24.01,presale-only,0.0,9.6,,,,,,seat-regression-v31-evidence-integrity,presales,9.6,Thursday-Sunday,1
2026-10-09T07:58:45Z,2026-10-09,Other Mommy,19.32,10.69,43.68,stage-daily-evidence,30.15,19.39,0.301,,Thursday,0.955,,seat-regression-v31-evidence-integrity,after-previews,19.32,Thursday-Sunday,1
2026-10-09T07:58:45Z,2026-10-09,The Social Reckoning,6.1,3.38,13.79,stage-daily-evidence,6.94,6.08,0.35,,Thursday,0.936,,seat-regression-v31-evidence-integrity,after-previews,6.1,Thursday-Sunday,1
2026-10-09T16:12:14Z,2026-10-09,Other Mommy,20.77,11.5,46.96,stage-daily-evidence,31.7,20.84,0.2858,,Thursday,0.955,,seat-regression-v31-evidence-integrity,after-previews,20.77,Thursday-Sunday,1
2026-10-09T16:12:15Z,2026-10-09,The Social Reckoning,6.32,3.5,14.28,stage-daily-evidence,6.98,6.3,0.3477,,Thursday,0.936,,seat-regression-v31-evidence-integrity,after-previews,6.32,Thursday-Sunday,1
2026-10-09T19:56:33Z,2026-10-09,Other Mommy,15.84,8.77,35.81,stage-daily-evidence,29.85,15.9,0.284,,Thursday,1.0,,seat-regression-v31-evidence-integrity,after-previews,15.84,Thursday-Sunday,1
2026-10-09T19:56:33Z,2026-10-09,The Social Reckoning,6.28,3.48,14.21,stage-daily-evidence,6.98,6.27,0.3477,,Thursday,0.936,,seat-regression-v31-evidence-integrity,after-previews,6.28,Thursday-Sunday,1
2026-10-10T00:18:56Z,2026-10-09,Other Mommy,18.3,10.13,41.38,stage-daily-evidence,29.85,18.36,0.2774,,Thursday,1.0,,seat-regression-v31-evidence-integrity,after-previews,18.3,Thursday-Sunday,1
2026-10-10T00:18:57Z,2026-10-09,The Social Reckoning,6.23,3.45,14.08,stage-daily-evidence,6.98,6.21,0.3477,,Thursday,0.936,,seat-regression-v31-evidence-integrity,after-previews,6.23,Thursday-Sunday,1
2026-10-10T04:30:54Z,2026-10-09,Other Mommy,17.52,9.7,39.62,stage-daily-evidence,29.85,17.59,0.2773,,Thursday,1.0,,seat-regression-v31-evidence-integrity,after-previews,17.52,Thursday-Sunday,1
2026-10-10T04:30:55Z,2026-10-09,The Social Reckoning,6.16,3.41,13.93,stage-daily-evidence,6.98,6.15,0.3477,,Thursday,0.936,,seat-regression-v31-evidence-integrity,after-previews,6.16,Thursday-Sunday,1
2026-10-10T08:13:50Z,2026-10-09,Other Mommy,22.75,12.59,56.7,stage-daily-evidence,31.39,22.83,0.2424,,Thursday+Friday,0.991,,seat-regression-v31-evidence-integrity,after-friday,25.08,Thursday-Sunday,1
2026-10-10T08:13:51Z,2026-10-09,The Social Reckoning,5.89,3.19,13.31,stage-daily-evidence,5.28,5.87,0.349,,Thursday+Friday,0.94,,seat-regression-v31-evidence-integrity,after-friday,5.77,Thursday-Sunday,1
