movie,weekend_of,forecast_cut,as_of,replay_mode,calibration_source,predicted_m,actual_m,error_m,ape,bias_pct,coverage_ratio,stage_coverage_ratio,stage_expected_days,coverage_tier,interval80_low_m,interval80_high_m,interval80_hit,model_source,snapshot_weight,seat_days,seat_theatres,daily_actual_overrides_used,model_only_replay,excluded_day_count,headline_eligible,quality_segment,quality_reasons,quality_warnings,quality_basis
Michael,2026-04-24,friday_morning,2026-04-24T10:00:00+00:00,current_model,freeze,47.435,97.0,-49.565,0.511,-0.511,0.12,1.0,Thursday,low,4.46,90.41,0,seat-primary-regression,0.0,1,374,0,0,2,1,headline_clean,,known_partial_day_exclusions,stage
Michael,2026-04-24,saturday_morning,2026-04-25T10:00:00+00:00,current_model,freeze,66.411,97.0,-30.589,0.3153,-0.3153,0.34245989304812835,0.8476,Thursday|Friday,low,18.2,114.62,1,seat-primary-regression,0.0,2,377,0,0,2,1,headline_clean,,known_partial_day_exclusions,stage
Michael,2026-04-24,sunday_morning,2026-04-26T10:00:00+00:00,current_model,freeze,55.981,97.0,-41.019,0.4229,-0.4229,0.45528535110020163,0.679,Thursday|Friday|Saturday,low,13.71,98.25,1,seat-primary-regression,0.0,3,377,0,0,2,0,excluded,low_coverage,known_partial_day_exclusions,stage
Michael,2026-04-24,final_pre_estimate,2026-04-26T23:59:00+00:00,current_model,freeze,55.981,97.0,-41.019,0.4229,-0.4229,0.45528535110020163,0.5093,Thursday|Friday|Saturday|Sunday,low,13.71,98.25,1,seat-primary-regression,0.0,3,377,0,0,2,0,excluded,low_coverage,known_partial_day_exclusions,stage
Michael,2026-04-24,post_regular_run,2026-04-27T10:00:00+00:00,current_model,freeze,56.251,97.0,-40.749,0.4201,-0.4201,0.6150712568306012,0.6829,Thursday|Friday|Saturday|Sunday,medium,17.82,94.68,0,seat-primary-regression,0.0,4,377,0,1,2,0,excluded,low_coverage,known_partial_day_exclusions,stage
The Devil Wears Prada 2,2026-05-01,friday_morning,2026-05-01T10:00:00+00:00,current_model,freeze,61.502,76.747,-15.245,0.1986,-0.1986,0.1280661176470588,0.9859,Thursday,low,15.97,107.04,1,seat-primary-regression,0.0,1,419,0,0,2,1,headline_clean,,known_partial_day_exclusions,stage
The Devil Wears Prada 2,2026-05-01,saturday_morning,2026-05-02T10:00:00+00:00,current_model,freeze,71.43,76.747,-5.317,0.0693,-0.0693,0.25871303871056617,0.7285,Thursday|Friday,low,22.74,120.11,1,seat-primary-regression,0.0,2,425,0,0,2,0,excluded,low_coverage,known_partial_day_exclusions,stage
The Devil Wears Prada 2,2026-05-01,sunday_morning,2026-05-03T10:00:00+00:00,current_model,freeze,70.434,76.747,-6.313,0.0823,-0.0823,0.3595338680258989,0.586,Thursday|Friday|Saturday,low,19.99,120.88,1,seat-primary-regression,0.0,3,425,0,0,2,0,excluded,low_coverage,known_partial_day_exclusions,stage
The Devil Wears Prada 2,2026-05-01,final_pre_estimate,2026-05-03T23:59:00+00:00,current_model,freeze,70.577,76.747,-6.17,0.0804,-0.0804,0.40274279487532716,0.4717,Thursday|Friday|Saturday|Sunday,low,27.05,114.11,1,seat-primary-regression,0.0,3,425,0,0,2,0,excluded,low_coverage,known_partial_day_exclusions,stage
The Devil Wears Prada 2,2026-05-01,post_regular_run,2026-05-04T10:00:00+00:00,current_model,freeze,66.134,76.747,-10.613,0.1383,-0.1383,0.5827083478165036,0.6463,Thursday|Friday|Saturday|Sunday,low,30.7,101.57,1,seat-primary-regression,0.0,4,425,0,1,2,0,excluded,low_coverage,known_partial_day_exclusions,stage
Mortal Kombat II,2026-05-08,friday_morning,2026-05-08T10:00:00+00:00,current_model,freeze,38.809,38.5,0.309,0.008,0.008,0.06511764705882353,0.9647,Thursday,low,2.54,75.08,1,seat-primary+snapshot-regression+historical-residual,0.3503,1,410,0,0,0,1,headline_clean,,,stage
Mortal Kombat II,2026-05-08,saturday_morning,2026-05-09T10:00:00+00:00,current_model,freeze,38.688,38.5,0.188,0.0049,0.0049,0.39416188235294114,0.98,Thursday|Friday,low,11.35,66.02,1,seat-primary+snapshot-regression+historical-residual,0.3187,2,425,0,0,0,1,headline_clean,,,stage
Mortal Kombat II,2026-05-08,sunday_morning,2026-05-10T10:00:00+00:00,current_model,freeze,35.598,38.5,-2.902,0.0754,-0.0754,0.743379294117647,0.9843,Thursday|Friday|Saturday,medium,21.74,49.46,1,seat-primary+snapshot-regression+historical-residual,0.3063,3,425,0,0,0,1,headline_clean,,,stage
Mortal Kombat II,2026-05-08,final_pre_estimate,2026-05-10T23:59:00+00:00,current_model,freeze,35.89,38.5,-2.61,0.0678,-0.0678,0.743379294117647,0.7382,Thursday|Friday|Saturday|Sunday,medium,21.91,49.87,1,seat-primary+snapshot-regression+historical-residual,0.3063,3,425,0,0,0,0,excluded,low_coverage,,stage
Mortal Kombat II,2026-05-08,post_regular_run,2026-05-11T10:00:00+00:00,current_model,freeze,33.334,38.5,-5.166,0.1342,-0.1342,0.9929905882352941,0.9876,Thursday|Friday|Saturday|Sunday,high,26.76,39.9,1,seat-primary-regression+historical-residual,0.0,4,425,0,1,0,1,headline_clean,,,stage
The Sheep Detectives,2026-05-08,friday_morning,2026-05-08T10:00:00+00:00,current_model,freeze,9.967,15.088,-5.121,0.3394,-0.3394,0.03670050971208156,0.5437,Thursday,low,0.22,19.71,1,seat-primary+snapshot-regression+historical-residual,0.2532,1,286,0,0,1,0,excluded,low_coverage,known_partial_day_exclusions,stage
The Sheep Detectives,2026-05-08,saturday_morning,2026-05-09T10:00:00+00:00,current_model,freeze,13.766,15.088,-1.322,0.0876,-0.0876,0.35485439206502273,0.753,Thursday|Friday,low,2.69,24.84,1,seat-primary+snapshot-regression+historical-residual,0.3187,2,410,0,0,1,0,excluded,low_coverage,known_partial_day_exclusions,stage
The Sheep Detectives,2026-05-08,sunday_morning,2026-05-10T10:00:00+00:00,current_model,freeze,14.556,15.088,-0.532,0.0353,-0.0353,0.6924863920650227,0.822,Thursday|Friday|Saturday,medium,7.39,21.72,1,seat-primary+snapshot-regression+historical-residual,0.3063,3,411,0,0,1,1,headline_clean,,known_partial_day_exclusions,stage
The Sheep Detectives,2026-05-08,final_pre_estimate,2026-05-10T23:59:00+00:00,current_model,freeze,14.811,15.088,-0.277,0.0183,-0.0183,0.6924863920650227,0.6165,Thursday|Friday|Saturday|Sunday,medium,7.52,22.1,1,seat-primary+snapshot-regression+historical-residual,0.3063,3,411,0,0,1,0,excluded,low_coverage,known_partial_day_exclusions,stage
The Sheep Detectives,2026-05-08,post_regular_run,2026-05-11T10:00:00+00:00,current_model,freeze,15.497,15.088,0.409,0.0271,0.0271,0.9332670979473756,0.8571,Thursday|Friday|Saturday|Sunday,high,10.79,20.21,1,seat-primary-regression+historical-residual,0.0,4,411,0,1,1,1,headline_clean,,known_partial_day_exclusions,stage
Obsession,2026-05-15,friday_morning,2026-05-15T10:00:00+00:00,current_model,freeze,18.119,17.2,0.919,0.0534,0.0534,0.06417112299465241,0.9506,Thursday,low,0.0,37.11,,seat-primary+snapshot-regression+historical-residual,0.372,1,404,0,0,1,1,headline_clean,,known_partial_day_exclusions,stage
Obsession,2026-05-15,saturday_morning,2026-05-16T10:00:00+00:00,current_model,freeze,14.085,17.2,-3.115,0.1811,-0.1811,0.21202709883882725,0.71,Thursday|Friday,low,0.26,27.91,1,seat-primary+snapshot-regression+historical-residual,0.3963,2,408,0,0,1,0,excluded,low_coverage,known_partial_day_exclusions,stage
Obsession,2026-05-15,sunday_morning,2026-05-17T10:00:00+00:00,current_model,freeze,14.42,17.2,-2.78,0.1617,-0.1617,0.36367955820241066,0.6181,Thursday|Friday|Saturday,low,1.25,27.59,1,seat-primary+snapshot-regression+historical-residual,0.3963,3,410,0,0,1,0,excluded,low_coverage,known_partial_day_exclusions,stage
Obsession,2026-05-15,final_pre_estimate,2026-05-17T23:59:00+00:00,current_model,freeze,14.42,17.2,-2.78,0.1617,-0.1617,0.36367955820241066,0.4635,Thursday|Friday|Saturday|Sunday,low,1.25,27.59,1,seat-primary+snapshot-regression+historical-residual,0.3963,3,410,0,0,1,0,excluded,low_coverage,known_partial_day_exclusions,stage
Obsession,2026-05-15,post_regular_run,2026-05-18T10:00:00+00:00,current_model,freeze,13.56,17.2,-3.64,0.2116,-0.2116,0.622439551848834,0.7047,Thursday|Friday|Saturday|Sunday,medium,3.84,23.28,1,seat-primary+snapshot-regression+historical-residual,0.3306,4,410,0,1,1,0,excluded,low_coverage,known_partial_day_exclusions,stage
Michael,2026-04-24,recorded_pre_actual,2026-04-27,recorded_prediction,recorded,93.37,97.0,-3.63,0.0374,-0.0374,0.846,0.846,Thursday|Friday|Saturday|Sunday,medium,89.64,98.04,1,,,4,378,0,1,2,1,headline_clean,,known_partial_day_exclusions,stage
The Devil Wears Prada 2,2026-05-01,recorded_pre_actual,2026-05-05,recorded_prediction,recorded,95.93,76.747,19.183,0.2499,0.2499,0.718,0.718,Thursday|Friday|Saturday|Sunday,medium,95.93,95.93,0,,,4,431,0,1,2,0,excluded,low_coverage,known_partial_day_exclusions,stage
Mortal Kombat II,2026-05-08,recorded_pre_actual,2026-05-12,recorded_prediction,recorded,46.4,38.5,7.9,0.2052,0.2052,0.994,0.994,Thursday|Friday|Saturday|Sunday,high,46.39,46.43,0,,,4,431,0,1,0,1,headline_clean,,,stage
The Sheep Detectives,2026-05-08,recorded_pre_actual,2026-05-12,recorded_prediction,recorded,21.14,15.088,6.052,0.4011,0.4011,0.871,0.871,Thursday|Friday|Saturday|Sunday,high,20.17,22.14,0,,,4,417,0,1,1,1,headline_clean,,known_partial_day_exclusions,stage
Obsession,2026-05-15,recorded_pre_actual,2026-05-18,recorded_prediction,recorded,17.24,17.2,0.04,0.0023,0.0023,0.813,0.813,Thursday|Friday|Saturday|Sunday,medium,13.84,22.37,1,seat-regression-v20-multi-anchor-snapshot,,4,416,0,1,1,1,headline_clean,,known_partial_day_exclusions,stage
